<?xml version="1.0" encoding="UTF-8"?>
<?xml-model href="http://www.tei-c.org/release/xml/tei/custom/schema/relaxng/tei_all.rng" schematypens="http://relaxng.org/ns/structure/1.0"?>

<TEI xmlns="http://www.tei-c.org/ns/1.0">

  <teiHeader>
    <fileDesc>
      <titleStmt>
        <title>Carta de Federico García Lorca a José María Chacón</title>
        <editor xml:id="SAT">Philippe M. Garoflid-Oprescu</editor>
      </titleStmt>
      <publicationStmt>
        <p>Proyecto Lorca en Granada. SPA 322</p>
      </publicationStmt>
      <sourceDesc>
        <msDesc>
          <msIdentifier>
            <settlement>Coral Gables, Florida</settlement>
            <repository>Library Digital Collections, University of Miami</repository>
            <collection corresp="http://merrick.library.miami.edu/cubanHeritage/chc5324/">Federico
              García Lorca Papers</collection>
            <idno corresp="http://merrick.library.miami.edu/cdm/compoundobject/collection/chc5324/id/2/rec/16"
              >chc5324000003</idno>
          </msIdentifier>
          <msContents>
            <msItem>
              <docAuthor><forename>Federico</forename><surname>García Lorca</surname></docAuthor>
              <docTitle>
                <titlePart>Federico García Lorca letter to José María Chacón</titlePart>
              </docTitle>
              <docImprint>
                <pubPlace>Granada, España</pubPlace>
              </docImprint>
              <note type="correspondencia">
                <persName type="emisor">Federico García Lorca</persName>
                <persName type="destinatario">José María Chacón</persName>
              </note>
              <note type="contenido">
                <p>Es una postal enviada por Federico García Lorca a José María Chacón de su tiempo visitando la ciudad de Granada.</p>
              </note>
            </msItem>
          </msContents>
          <physDesc>
            <objectDesc form="carta">
              <supportDesc>
                <extent><dimensions>
                    <height>9cm</height>
                    <width>14cm</width>
                  </dimensions></extent>
              </supportDesc>
            </objectDesc>
          </physDesc>
        </msDesc>
      </sourceDesc>
    </fileDesc>
  </teiHeader>



<text>
 <body>
 <div type="carta">
   
   <div type="recto">
     <pb facs="../images/Richter/03_1.jpg"/>
   
   			<figure>
    			<figDesc>Hay una imagen de una gran tumba de un rey catolico que esté en una catedral.</figDesc>
   			</figure>
  	</div>
   
  
   <div type="verso"> 
     <pb facs="../images/Richter/03_2.jpg"/>
  			<div type="message" xml:lang="spa">
				<opener>Un recuerdo desde <placeName>Granada</placeName>.
				</opener>
 				<p>Ya pronto empezara el otoño.</p>
 				<p>Yo he pasado una malisima temporada turbia de <lb/>
 				profundidades sentimentales, contra las cuales no ha podido <lb/>
 				luchar mi lirica, ni mi alegria innata. Te he recordado bastantes <lb/>
 				veces.</p>  	
 				<closer>
           			 <salute>Adios <persName>Jose Maria</persName>.
           			 </salute>
            		<signed>Federico</signed>
         		</closer>
         	</div>


		<div type="carteDescription" xml:lang="spa">
			<head>Tarjeta Postal</head>
			<ab> 57. <placeName>Granada</placeName>
			.-Catedral. Dettale del <lb/>
			Panteon de los Reyes Catolicos.</ab>
		</div>
	
	
		<div type="destination">
  			<!--<stamp type="postage">Una foto de una persona importante que parece ser militar.<mentioned>15</mentioned>
  			</stamp>-->
			 <!--<address>
   				<addrLine> SR D.</addrLine>
   				<addrLine><persName>Jose M Chacon</persName>
   				</addrLine>
   				<addrLine>Pardinas 32</addrLine>
   				<addrLine><placeName>Madrid</placeName></addrLine>
  			</address>-->
		</div>

	</div>
 </div>
 </body>
</text>
</TEI>